category,daytime,recommendation
Families,Morning,"Arrive early to avoid crowds.|Take the elevator down into Rudolf Hall — kids love the feeling of entering a massive underground 'space stadium'.|Walk around the hall, check out salt formations, old mining equipment, and kid-friendly info panels."
Families,Midday,"Head down into Terezia Mine — the biggest wow-moment: the underground lake with boats!|Kids absolutely lose their minds over 'rowing in a salt mine.'|After that, enjoy mini-golf, bowling, and the underground Ferris wheel — pure kid-approved entertainment."
Families,Afternoon,"Return to the panoramic platforms and older galleries for calmer exploration.|Let the kids enjoy wide corridors and interesting viewpoints.|Finish with a visit to the souvenir shop — magnets, salt crystals, and mining lamps are favorites."
Families,Evening,"Take a short walk outside around the mine.|Calm environment helps kids wind down after an active underground day."
Couples,Morning,"Start slow and head into Rudolf Hall, taking your time to enjoy the reflections and soft underground lighting.|Perfect spot for atmospheric, cinematic couple photos."
Couples,Midday,"Go straight to the underground lake.|A boat ride for two is the most romantic moment in Salina Turda — still water, echoes, and magical lighting make it unforgettable."
Couples,Afternoon,"Wander through Terezia Mine’s walkways and platforms.|Enjoy the quiet ambience, take photos, and soak in the surreal atmosphere.|Optional: Ferris wheel + mini-golf for a playful date twist."
Couples,Evening,"Walk outside around the mine, enjoy sunset views, and browse local vendors selling honey and handmade items."
Teenagers,Morning,"Head into Rudolf Hall for dramatic lighting and huge spaces.|Perfect for TikTok and Instagram videos.|Take group photos with the hall’s massive scale as a backdrop."
Teenagers,Midday,"Mini-golf tournament for fun competition.|Bowling for squad vibes.|Ferris wheel for elevated selfies.|Underground boating for adventurous teens — sounds epic online."
Teenagers,Afternoon,"Explore platforms with panoramic angles — ideal for content creation.|Quick walk through the historic corridors to capture symmetrical, moody shots."
Teenagers,Evening,"Chill outside in the park near the mine.|Great for group hangs, photos, and decompressing after an active day.|In summer, nearby music and food stalls often appear."