trip_type,interests,food,budget,recommendation
Full-day,History,Street food,Low,"Full-Day Tour - History plus Affordable Street Food
Start: Union Square (Piata Unirii)
Walk through Baroque squares and visit both major cathedrals. Learn about the Habsburg influence and take your time exploring the architecture.
Next: Victory Square (Piata Victoriei)
Follow the steps of the 1989 Revolution, observe key landmarks, and feel the historical tension of the area.
Then: Bastion Theresia
Explore remaining sections of the old fortification walls.
Food Break
Grab budget friendly street food such as mici or langos near the central squares.
Beer Stop
End the day with an inexpensive local beer at a terrace near the old town."
Full-day,History,Street food,High,"Full-Day Tour - History with Premium Street Food
Start at Union Square for cathedral visits and museum entries.
Walk to Victory Square and observe the Revolution route.
Visit Bastion Theresia for fortification history.
Lunch includes gourmet street food stalls with higher quality regional products.
Finish with premium craft beer at an upscale pub."
Full-day,History,Local food,Low,"Full-Day Tour - History plus Affordable Local Food
Explore Union Square and Victory Square.
Have a budget traditional lunch featuring dishes like sarmale or ciorba.
Walk the old fortress routes.
End with affordable beer at a local terrace."
Full-day,History,Local food,High,"Full-Day Tour - History plus Premium Local Cuisine
Visit all major squares, museums, and historic sites.
Have lunch at a high quality traditional restaurant.
Walk through heritage districts.
Finish with a craft beer tasting in a premium pub."
Full-day,Art,Street food,Low,"Full-Day Art Tour with Affordable Street Food
Visit murals, indie galleries, and the Art Museum.
Eat inexpensive street snacks while exploring.
Relax with a cheap local beer at a central square."
Full-day,Art,Street food,High,"Full-Day Art Tour with Gourmet Street Food
Explore contemporary galleries and curated exhibits.
Enjoy higher end street food options.
Finish the day at a rooftop bar with premium drinks."
Full-day,Art,Local food,Low,"Full-Day Art Tour with Affordable Local Food
Visit the Art Museum and local galleries.
Eat budget friendly traditional dishes.
Relax in Liberty Square with a beer."
Full-day,Art,Local food,High,"Full-Day Art Tour with Premium Local Cuisine
Gallery hopping and design district walks.
High quality traditional lunch.
Finish in an elegant cocktail bar."
Full-day,Nature,Street food,Low,"Full-Day Nature Walk with Affordable Street Food
Walk along the Bega River, visit public parks, and relax outdoors.
Eat simple street food.
End with a cheap drink by the river."
Full-day,Nature,Street food,High,"Full-Day Nature and Gourmet Street Food Tour
Bike along the Bega River.
Try gourmet street food.
Visit the Botanical Garden.
End at a rooftop bar overlooking the city."
Full-day,Nature,Local food,Low,"Full-Day Nature Walk with Affordable Local Food
Tour parks and natural areas.
Eat inexpensive traditional dishes.
Finish at a riverfront beer garden."
Full-day,Nature,Local food,High,"Full-Day Nature and Premium Local Food Tour
Walk near lakes and green zones.
Enjoy high quality local food.
Visit the Botanical Garden.
Close with craft beer in the city center."
Full-day,Nightlife,Street food,Low,"Full-Day Prep for Budget Nightlife
Do a short central walk.
Eat cheap street food.
Have inexpensive predrinks before heading to nightlife areas."
Full-day,Nightlife,Street food,High,"Full-Day Prep for Premium Nightlife
Street food snacks, late start.
Visit cocktail bars.
Finish in high end central clubs."
Full-day,Nightlife,Local food,Low,"Full-Day Local Food plus Budget Nightlife
Eat traditional lunch.
Rest and recharge.
Do a bar crawl with affordable beers."
Full-day,Nightlife,Local food,High,"Full-Day Premium Local Food plus High End Nightlife
Fine dining.
Craft beer tasting.
Finish in stylish clubs."
Half-day,History,Street food,Low,"Half-Day History Tour with Affordable Street Food
Walk Union Square and Victory Square.
Eat quick mici.
Relax with an inexpensive beer."
Half-day,History,Street food,High,"Half-Day History Tour with Gourmet Street Food
Visit historic squares and a museum.
Eat high quality street food.
Finish in a craft beer bar."
Half-day,History,Local food,Low,"Half-Day History Tour with Affordable Local Food
Short walk through historic zones.
Eat budget traditional dishes.
End with a central drink."
Half-day,History,Local food,High,"Half-Day History Tour with Premium Local Food
Visit cathedral and museum.
Have a quality traditional lunch.
Finish with craft beer."
Half-day,Art,Street food,Low,"Half-Day Art Tour with Affordable Street Food
Art Museum visit.
Murals walk.
Cheap local beer to finish."
Half-day,Art,Street food,High,"Half-Day Art Tour with Gourmet Street Food
Visit modern galleries.
Eat gourmet street food.
End at a rooftop bar."
Half-day,Art,Local food,Low,"Half-Day Art Tour with Affordable Local Food
Visit galleries.
Eat inexpensive traditional dishes.
Have a drink in the center."
Half-day,Art,Local food,High,"Half-Day Art Tour with Premium Local Cuisine
Design galleries.
High quality lunch.
Finish at a cocktail bar."
Half-day,Nature,Street food,Low,"Half-Day Nature Walk with Affordable Street Food
Walk the river.
Eat street snacks.
Cheap beer to finish."
Half-day,Nature,Street food,High,"Half-Day Nature Tour with Gourmet Street Food
Botanical Garden.
Gourmet snacks.
Rooftop drink."
Half-day,Nature,Local food,Low,"Half-Day Nature Walk with Local Food
Walk a park.
Eat affordable traditional food.
Relax at a terrace."
Half-day,Nature,Local food,High,"Half-Day Nature Tour with Premium Food
Lakeside walk.
High quality lunch.
Craft beer finish."
Half-day,Nightlife,Street food,Low,"Half-Day Nightlife Prep with Street Food
Short central walk.
Cheap snacks.
Budget predrinks."
Half-day,Nightlife,Street food,High,"Half-Day Premium Nightlife Prep
Street food.
Early cocktails.
Premium nightlife area."
Half-day,Nightlife,Local food,Low,"Half-Day Nightlife Prep with Local Food
Traditional lunch.
Affordable beers.
Light nightlife warmup."
Half-day,Nightlife,Local food,High,"Half-Day Premium Local Food plus Nightlife
High quality lunch.
Craft beers.
Stylish club finish."
